-1.650467003603788285e+00,1.415008526869255379e+00,1.007496464224544752e+00,-2.012633525113951993e+00,-5.021411936353981087e-02,-1.345369331089916465e-01,-6.375555246374391416e-01,-4.123460537251556479e-01,-1.538761465769633574e-01,-1.011703126023268395e-01,1.225978508276613699e+00,1.836203400550542764e+00,-2.213781529377012447e-03,-8.999661629425852460e-01,-1.166652410024203501e+00,2.578371043078098168e-02,-3.464269012477692034e-01,-1.213724981202540798e+00,1.911960032172580704e+00,-1.895578038580751912e-01
-5.129842607309907931e-01,2.812082642967995483e+00,1.397218542214413883e+00,9.358281638044038120e-01,3.143133174362218729e-01,9.859268871481636776e-01,-1.032549817163109784e+00,-8.425801262884144993e-01,1.443073223015585160e+00,4.484491849974768130e+00,-1.260684521523030677e+00,7.715982203179913568e-02,-1.585295835839798106e-01,2.329961477322614882e-01,-2.123235508196774646e-01,2.990732132600499860e+00,1.554148006616853372e+00,-2.076934782123740941e+00,1.691456130404676683e+00,-2.339330735179351528e+00
-4.596043330001902683e-01,5.054663450398393820e+00,-9.792263466252917326e-01,1.570404513179784134e+00,7.394170494945659922e-01,8.285057657380177076e-01,-1.960330920338183291e-01,-7.659610672230651729e-02,-5.649824675526526896e-02,6.291964224815729256e-01,4.666414752524115084e-01,3.782146167907631251e-01,2.411449662628503965e-01,-2.282004173573342898e-01,-7.092503238103436969e-01,-5.818938132702287103e-01,-4.216189650314086101e-01,-1.965110564028603179e-01,1.991633082472174632e+00,-1.667580305213830494e+00
6.479063020546661500e-01,7.864318471306122049e+00,-1.319865474810757888e+00,8.958762392795449614e-01,4.019925977263894556e-01,-1.817842491973437058e+00,-5.760036183244932051e-01,6.393702877802475149e-01,-6.294846809827572276e-01,2.271131355453815726e+00,-8.931865258627141868e-01,-1.690249073627149823e+00,-2.344313440165013418e-01,-1.312597951682062725e+00,-1.115439433243734291e+00,2.375149026386913498e-01,3.162745694786139872e-02,1.072974026667964598e+00,5.176389643063540325e-01,4.013905525878323388e+00
-1.146609110154026834e-01,-1.772942098516121279e+00,4.418628157329957534e-02,2.772908557347498748e-01,-3.292739056284126054e-02,7.719952218010046607e-01,-1.014594010697000837e+00,-2.833305928843307120e-01,2.830951075112889681e-01,-3.933055632058555240e+00,1.085673294536100980e-01,6.245643213423370810e-01,-6.248148112325390136e-01,5.078982681221342332e-01,-1.871890726760113921e+00,-3.309590185095392822e+00,2.556839134545935810e+00,1.808246078936680545e+00,2.555430033053250893e-01,-3.739575700163876859e-01
-8.312017108780902497e-01,-3.101835848442640597e-01,-1.100264665980292156e+00,3.847209876158179109e-01,-9.967500301400269436e-01,-8.578581587495490712e-01,1.271162604212870084e+00,-2.466589481809887907e+00,-4.302984335671665050e+00,-4.907517831249743612e-01,6.415583861325552251e-02,2.151649440188498463e+00,9.428429384238308231e-01,-5.569484802864022033e-01,1.094896133529558613e+00,-2.883339888975953169e+00,-4.517816223794556940e+00,5.423211176940796463e-01,-6.343364279308801035e-02,-2.644040222970444720e+00
-7.406513871805384674e-01,2.853179432817554151e-02,-1.283703739640822183e+00,2.287098884209720850e+00,-1.070928780682985915e+00,1.705154932468061935e+00,1.163383475674039103e+00,3.473035635797395160e-01,2.813457016161144963e-01,-1.612600872697917409e-01,6.779505458207477943e-03,1.257795737679306969e+00,-9.558891254720455199e-01,-2.228824686755275786e-01,5.473077889738541257e-01,7.430060916159118012e-01,-5.445513408156094082e-01,1.532862550014181036e+00,7.389932134044000511e-01,9.435328479137904401e-01
2.554020767180441645e-02,-3.587647121067273570e+00,4.699751432942073093e-01,3.740927823518328532e-01,1.904402797954432291e-01,3.218886990382067714e-01,-1.371985414528390734e+00,1.032952116856945768e+00,5.245079892060235949e-01,-1.945862908273275682e+00,2.227112996638951764e-02,2.847382372246728410e-01,-9.262431727892089794e-01,-1.022205434284994441e+00,4.776036761620618826e-02,-1.145655769052180695e+00,1.915589173788287303e+00,-2.358000563596918120e-01,-5.942599278115503481e-01,1.451532158429559072e+00
-1.799243303368493141e+00,-3.250546467701629805e+00,8.935782246186040334e-01,-1.177458830893974850e+00,1.386342035276639240e-01,6.963883999659350454e-01,3.079134466252268498e-01,5.837534089733412701e-01,1.567339262225001750e+00,-3.746435677116605856e+00,-1.043036389525387797e+00,1.642621555194993532e-01,-2.142445924301131122e+00,1.065570086973136155e+00,-1.340357801894130896e+00,-1.693962843015607733e+00,1.768314837086032210e+00,-6.583582011494707453e-01,-1.100630831797092979e+00,3.420570970710684833e+00
-3.711145650118924388e-01,-5.792776764373340548e+00,1.326509236370256195e+00,-1.768137622222645700e+00,-6.126521542748469829e-01,-7.054960340140318253e-01,5.337164111536202293e-01,2.094007086707617038e+00,1.585564181168398701e+00,-3.760213978087516007e-01,-6.029706272148573909e-01,8.379599470140861595e-01,1.524806233068483063e-01,6.217812863698763959e-01,1.305203429686912608e+00,-9.290008580113351400e-02,-1.362543460677143825e+00,-1.388946159550094928e+00,-6.536458496242563143e-01,8.153740853805779842e-02
-2.565391343625103460e+00,-5.492908993938706352e+00,4.755882607300486176e-01,-2.087116228695919506e+00,-2.007937216225151866e-01,-1.445676366095408338e-01,7.296602960555671480e-01,-1.613216675068046557e+00,2.994567830169180489e+00,-1.175189588604810931e+00,-2.217060888179074943e-02,1.651568816431937536e+00,-6.968879129623635205e-01,2.095165975538320069e-01,1.191411825018544368e+00,1.184890315648654324e+00,2.173872711773598976e+00,-7.057423807336671295e-01,-1.919760009967545755e-02,2.190995877660648183e+00
2.818149960760143458e-01,-3.698465799102006457e-01,1.249784153838578549e+00,-3.705344130335471498e+00,-5.942405849694981645e-01,2.039779069015578150e-01,-1.014067635405457718e-01,5.614035445512070011e-01,4.200302717655128304e-01,3.851663494942366706e-01,4.670965774081190514e-01,-1.198338670688966212e-01,-2.059068942920133372e-01,6.621576372327797610e-01,4.273719918342516189e-01,4.267233274522246878e-01,-8.484385738053844550e-01,-2.472348956037684342e+00,4.445287327224410334e-01,8.235461826591565504e-03
3.084589260191487534e-02,2.629921864458621084e+00,2.802699038891444672e-01,-3.418320744078441553e+00,-3.725771200464689792e-01,-1.716730987139442277e+00,-4.795388123369673794e-01,-2.941483296458349828e-01,-7.157747996835486237e-01,1.511868332585854624e+00,1.722636103871025615e+00,-6.694173986426951162e-01,1.627438774261921406e+00,-6.686740071787472539e-01,2.081707945223523482e-01,-5.441877366980131248e-01,-4.948231187280709431e-01,-4.181177855063896720e-01,-6.539845864778849605e-02,-2.145003792445654422e+00
5.350682669503481481e-01,-2.665980984733386183e+00,1.744579851749733290e+00,-4.538059914177472454e-01,1.957129679906569608e-01,1.184751144829144787e+00,1.137250892112903200e+00,-3.998087048214412492e-03,-7.334769525448618932e-01,-6.101549902676314252e-01,6.064418095703085765e-01,-1.112083817865106461e+00,-1.337817591400500605e+00,1.007709169547322370e+00,-6.823675898516821103e-01,-2.208181947356409047e-01,-5.189935819378544979e-01,3.137838868473791232e-02,-4.036486183774611880e-01,1.191726985201039479e+00
-4.488761779941352059e-01,1.889221300022864813e+00,-1.352152170502176398e+00,3.165828977336953898e+00,-1.952657706519951075e+00,6.385316750728628065e-05,-1.772258958466282064e-01,2.002636232720500509e+00,-5.402616643981963396e-01,-2.306614315000467652e+00,4.769933830256001261e-02,1.052265287964361251e+00,-2.328722116691274990e-01,1.838935447407809565e-01,-1.277579161396581897e+00,-4.300360060806839968e+00,7.384801177768678393e-01,1.861916709721321395e+00,-7.396899458188151977e-01,2.356695426188394338e-01
-1.094783363066925919e+00,-5.668378774968413358e-02,1.124987779995514581e+00,-3.100911384865218112e-01,-1.133689009840127326e+00,7.515245211810109849e-01,-8.400221250726895850e-01,-2.291351078740319736e+00,2.630284940029319785e+00,2.703827604392532891e+00,-3.146222846834615949e-01,-1.441920362704347536e+00,8.884973347486591067e-01,8.224147867725303263e-01,7.416510511477159007e-01,4.411484262302337811e+00,6.693922074599382155e-01,-6.916381848312102010e-01,5.510552213123275367e-01,-3.709908989316654804e-01
-1.145396965347636797e+00,5.443910567461068162e+00,-4.582399095373884679e-01,1.361520222945250103e+00,1.813973849544392891e+00,5.440008938632117097e-01,-7.028587011425050379e-01,-1.463461416174202334e+00,2.157079006147284428e+00,2.890678748220343319e+00,9.372917295832717821e-01,-1.266337689235913500e+00,5.053855792155570459e-01,3.743082471049398730e-01,8.022889800554326711e-02,4.017132260425551493e+00,1.765956060969998909e+00,3.092684696410455958e-01,9.593647449208673184e-01,-1.019347817413512880e+00
-1.699975890617786867e+00,3.161794061132828570e+00,-2.282402202068849542e-02,-1.573974238376187884e+00,-1.280274767077899556e+00,-2.775350405429677370e-01,6.175623755985398811e-01,-7.360018577972244902e-01,2.494081430020078649e+00,1.394478633952816127e+00,1.307561406203516352e+00,1.962939026237286999e-01,-1.148789571869197390e+00,8.747642229535271818e-01,-8.058366208571764167e-02,3.585163162398916192e+00,1.736599612577769847e+00,1.479357468743197401e+00,-4.410221597841426089e-01,3.464787125544061652e+00
1.341877979356902173e-01,4.098546537031885206e-01,5.408177161059177784e-01,-3.069609558667155902e+00,-1.337886278828429365e+00,-1.218154616059893058e+00,-1.487846350448808419e+00,-1.762430190812159125e+00,3.972982097637247634e+00,-4.470408492295243064e-01,3.422093557361378657e-01,-4.849249243600035619e-01,-4.846335234196800790e-01,-3.141195628916165217e-01,-5.657647641449677911e-01,1.795843297405767869e+00,2.531891527215463622e+00,-1.240513502872009788e+00,2.229604753164241837e-01,1.988036477623337461e+00
2.884618097879895204e-01,3.845637662813131907e+00,-8.791842289080503692e-02,-2.106096624596803135e+00,1.374182409416336847e+00,-1.742178180338444848e+00,1.136525493217743543e+00,-7.146418758470592936e-01,-3.414293193996575049e+00,3.207850074546493069e+00,-1.267362164106548839e-01,-5.981979153886066713e-01,1.372362303341687850e+00,4.609660518843965438e-01,2.197067088400498358e-01,5.220197315252352865e-01,-3.613499105605512352e+00,4.878809340863652366e-01,2.084832670673298249e+00,1.865934425326487345e+00
-7.664316398761865379e-02,1.933327113775115125e+00,1.099393104709453395e+00,-2.162170424077531461e+00,-3.210302951055663545e-01,-1.028927593908703031e+00,-9.303854237939448990e-02,1.363627490938626341e+00,2.407017984783228037e+00,4.518275717317263407e+00,4.167451585767816269e-01,-2.018525703327501919e+00,-2.610536679098320878e-01,1.242190971460364335e-01,9.174131968959440275e-01,4.182378189178761474e+00,1.192443786695650321e+00,-1.355423170622902962e+00,1.350298270559081359e+00,-4.851364985258939111e-01
-3.949512088485239159e-01,3.127969476136330584e+00,-1.181429496419010627e+00,1.702637865023018948e+00,5.286786634885515257e-01,5.379605421070373650e-01,-1.335800914238649995e+00,-1.432336973813518766e+00,-9.839854787845616624e-01,1.037723851929652108e+00,-1.060648081962989320e+00,2.088094267795537751e-01,6.349908350835289372e-01,7.332402348386435342e-01,-4.178030738116742526e-01,1.509607251334835754e-01,-1.469796725830196937e-02,-2.444039859331559317e-01,5.242773993643875530e-01,-2.021596523932696954e+00
-1.234602371556730249e+00,1.267485464238765625e+00,-1.275209269679317803e+00,5.828750613414646065e-01,5.313266717904945313e-01,-1.272116220049857471e+00,-1.222387460983171747e+00,-1.255970224185465112e+00,1.850249589411877782e+00,-1.963224862752499966e+00,-4.439934724031752711e-01,1.374455305585437215e-01,-2.471674531108786210e-01,2.882662481736999460e-01,-1.183475467452909768e+00,3.128426701248164798e-01,3.348431943591017479e+00,1.321225653194813665e+00,4.310950657496703253e-01,9.387740660455917707e-01
8.203164995928217129e-01,4.496002904420972612e+00,4.705160045478088415e-01,7.025212067302255559e-01,-1.652214986267176222e+00,2.224556778659928291e+00,2.052880077230165579e-01,2.227781813245909570e-01,-1.601873792799739293e+00,3.360151659512174760e+00,1.048726804642670318e+00,-1.645227910850691089e+00,3.545664853896608459e-01,-9.043349890978011896e-01,-6.178416599552074562e-01,3.073853848128804689e-01,-1.372231195428719852e+00,-8.944203316030852058e-03,9.070686779909420405e-01,-3.667158672621057214e+00
2.033987331857133540e+00,3.022265342972418445e+00,-5.132528071486358590e-01,-2.040523602772066347e-01,-7.261929739950229168e-01,-1.211602736095749588e-01,-3.959451502145772683e-01,8.588866238371615225e-01,2.219502412011663317e+00,-5.716683060633905855e-01,7.535989610729980637e-01,7.765277147861964213e-01,-1.163448216780968547e+00,7.728069345596937367e-01,-1.320600241246850493e+00,2.217130654056992389e-01,2.315638930595262046e+00,1.053341887604707816e+00,4.929732708869251079e-01,8.305724621470704783e-01
5.839044406701168755e-02,2.461337911030673897e+00,-8.562503453820461408e-01,3.605129845191248350e+00,-5.752740135839830016e-01,6.776718500563685410e-01,-1.093116198319216581e+00,4.758011034541855255e-01,-1.362167219832214782e+00,-7.488609627703137761e-01,-2.258624008854984155e-01,3.040048836403612675e-01,1.831324848646404213e+00,-3.145442179455157361e-01,-6.278359807353625088e-01,-1.853622624526689577e+00,-1.330318773882632755e+00,-1.510950171377305473e+00,1.516005634795570822e-01,-2.034878652460736070e+00
-7.290958577589874701e-02,4.228237735776223971e+00,-2.054678300644030564e+00,4.386012850156009613e+00,2.730996132820286970e-01,1.365925489615980704e+00,-1.326539199151418325e-01,3.996917600380506252e-01,5.711637762649996120e+00,3.958597918252543924e+00,9.474092015151688306e-01,-6.323487369945994807e-01,-1.948043928770626376e-01,6.853738664311136430e-01,2.879665373440748244e+00,5.666884478167069972e+00,-2.390896001480209421e-01,1.617151925747199126e+00,-3.313545694423609134e-01,-3.164059471176424720e-01
2.462089617247236184e+00,-4.833779603618683751e+00,4.795932706765345110e-01,3.160376631116003088e-01,-8.260871215249591115e-01,-2.785499605297477310e-01,6.219494031506965781e-01,-1.092734735203970464e+00,-1.621251839407467088e-02,-1.012036885055118685e+00,-6.286918687142898365e-01,1.291762546185461824e+00,1.130122788620784524e+00,-1.056857952026447611e+00,7.555144107001398046e-01,-5.411701977951702824e-01,-1.185722942003284652e+00,-5.655396569975392751e-01,5.160702095134246381e-01,-1.049975026566887903e+00
-1.797884111316070538e-02,8.705375717863718110e-01,1.102806680279500018e+00,-1.491769173128552284e+00,-3.178844542502531900e-01,-1.305121537245223506e-01,1.215325947422439823e+00,-1.178237393317284720e+00,-7.176513739900248545e+00,2.383266923817767280e-01,6.666555500546514912e-01,-9.121869626967226141e-01,2.032135118764299531e+00,-9.530146781160999669e-01,-5.123601516744106243e-01,-5.632374014527375294e+00,-5.701473845572804677e+00,-2.478438669056781674e+00,-4.753457633388892267e-01,-1.989154571494559320e+00
-3.005846967015928239e-01,4.631429157140331654e+00,-4.722458894471159158e-02,1.126216274329970179e+00,-1.740857919726525316e-01,5.791078944244709703e-01,-2.954703473488122789e-01,1.385467303351526569e+00,1.561384974913741175e+00,3.886600928324262849e+00,1.331095337915216170e+00,-1.887950888377074588e+00,-4.266987878144985480e-01,1.091944190849597929e+00,7.792569985198427585e-01,4.424573998649856676e+00,5.664845141502496961e-01,-8.340798638580735336e-01,4.673872013066924236e-01,1.592311305474990446e-01
9.008715252895822534e-01,-2.007672306948661500e+00,2.156529138950404878e-01,-3.137979322922691328e+00,1.100409657666481245e+00,-2.094880006274322692e+00,-2.215337769077564412e-01,-3.622255452543318710e-01,-2.838319627769616549e+00,-1.187474805033950753e+00,6.306405021466889860e-01,1.481773878449661908e+00,1.256987434469269527e+00,-1.487069396754883588e+00,4.253234711579761407e-01,-2.352192362232876199e+00,-2.788447940090882149e+00,-1.370211720052817661e+00,1.041174836923230318e+00,1.062423902500492900e+00
-1.085525887287500435e+00,-4.717550462138307310e+00,1.391892632244829731e+00,-4.896363712041820193e-01,-1.281225320418105440e+00,1.891087307091003478e+00,-5.056008813284668113e-01,4.401809310102381412e-01,-4.176831164861404488e+00,-3.558044594336866040e-01,-3.675203075134410580e-01,5.891018164777277188e-02,1.136982246171840183e+00,-6.458372261245193258e-01,-6.218263428014565719e-02,-3.076020845117084512e+00,-2.270572193613562106e+00,-1.302277793405497874e+00,3.049204116037680934e-01,-4.553862130957720744e+00
1.460056384841788457e+00,-2.172992974547502065e+00,5.684899105173329970e-01,-1.069395348272590973e-01,1.358762647145619340e-01,8.962372867480659089e-01,-2.013431892281978067e-02,2.628194753902447500e-01,3.995812703870313509e+00,1.248652601938486928e+00,-4.265347844175296221e-02,1.935208931635407636e-01,-1.317292225979979525e+00,1.782477801081447266e+00,1.685368428028853893e+00,2.989872085980825656e+00,2.719522986087230088e+00,-1.389104458922985064e-02,3.819524997638711894e-01,-5.933528977139623795e-01
2.160282415078143003e-01,-3.215899576498093548e-02,-9.011893252267056953e-01,3.143609148876265635e+00,-8.326493024095964479e-01,2.246772769640131173e+00,-5.247990310530863400e-01,-2.280960025113195844e+00,-3.772379229443820758e+00,-2.007493929973079849e-01,-1.630597438728268678e+00,-1.330070247222534308e+00,2.027868121728136686e+00,-2.237392154389448162e+00,3.516951772936968007e-02,-4.886152664900449416e-01,-2.628874859067147796e+00,-1.711353054653044659e+00,-3.780274880467770493e-01,-6.036476981801787822e+00
1.727001123297585261e+00,3.638775340844577322e+00,-3.052387930616560774e-01,1.944383283650086280e+00,-1.823721600442186785e+00,1.049952332834078295e+00,1.639374435329479462e+00,-1.520711160445709087e-01,8.320379813683460579e-01,3.417399463366456391e+00,-1.885800303467511096e-01,-6.132665351843308299e-01,-1.753328293661016168e+00,3.147615580851143235e+00,5.614825844131595689e-01,3.401329898706498156e+00,4.230863660210324451e-01,2.358010343705222667e+00,1.048414076162505815e+00,2.465397296467989552e+00
6.537277577018969499e-01,-5.634162551121459472e+00,1.446708717244213016e+00,-1.684031308834484264e+00,1.289735813585254076e-01,7.540828275363063993e-01,-9.203895771635869361e-01,9.462047619620480576e-01,2.527285685843055685e+00,-1.959895262193742882e+00,-2.311441929382747063e-01,1.051604549358077012e+00,3.295926209628530223e-02,-1.109270491783165058e+00,5.924300562611435339e-01,8.974735310795242116e-01,2.062438080697967635e+00,1.002114127784297093e-01,-1.611369366416666171e+00,-1.743896746131052389e+00
1.089509359567507329e-01,-1.816879412535812310e+00,-3.885251132207196978e-01,-2.952535053475056070e-01,8.487381106253014118e-02,-1.455893768490030382e+00,-1.118559496124580666e-01,5.176661219227848831e-02,6.174107007326550267e-01,-1.521281647109599122e+00,5.771410280727286013e-01,1.760035380751874268e-01,2.736600135316711313e-01,-6.586288640130143479e-01,5.727085378448881769e-01,-1.863242562848278050e+00,6.376569554290199004e-01,-9.441421344625131606e-01,-3.853725478357029055e-01,1.212817463561905784e+00
1.246047314962042352e+00,-1.568800072433800930e+00,1.163052790935389824e+00,-3.005490900613964733e+00,-2.691193336481817244e+00,-1.317781552310384185e+00,-1.301424944469183220e+00,6.570338420601008478e-01,3.763426906362217217e-01,1.808762766621476725e+00,-2.186721638465865425e+00,-1.294649538189648785e+00,2.738978284553426068e-01,-1.239077577896933180e+00,-6.949145769877324019e-02,2.701819253856671210e+00,3.695224428144709972e-01,-7.853649087674523521e-01,5.141809924604500148e-01,2.252180915562886465e+00
-1.152234210056161390e-01,-8.064052057718347211e-01,1.080797765991367898e+00,5.794615292549942787e-02,-2.152313431028151758e+00,3.779122552483821229e-01,4.068962634836561371e-02,1.153541212695748053e+00,-1.399932438286926040e+00,1.456872019963082465e+00,-1.265524548184214781e+00,-9.696679397007041956e-01,1.311777204842795586e+00,-2.837869581242531414e-01,-1.085478622099589896e-01,5.442889130632220240e-01,-1.980557420163143734e+00,-5.876576820021458536e-01,5.873141790882925317e-01,-2.517956354004299069e+00
2.774708748762786947e-01,-9.777064837675268905e-01,-2.812362354535068512e-02,8.059527466266624973e-01,1.089276594559298372e+00,4.751335464414350312e-02,5.100861550220237711e-02,2.703408711044557489e+00,2.774486946700713386e+00,1.251581351372040629e+00,-5.289662786580124898e-01,8.511186254657980843e-01,-2.702926339770428843e+00,9.746791205527273461e-02,7.264482703103818384e-01,3.253215248392021586e+00,2.742111279649680711e+00,2.906809861332924960e+00,8.686467932542031312e-01,4.485565831888999710e+00
1.212455797061345597e-01,1.726625125930248972e+00,3.635564948868990065e-01,-3.953613563287690091e+00,7.008053988724163297e-01,-1.103808623220403407e+00,1.533209731754508753e-01,5.720963960977411000e-01,-2.698380045039924457e+00,-6.876312856838235898e-01,5.005407314968761678e-01,-1.042108291596616221e+00,-4.010866154225832536e-02,2.183652131344066272e-01,-1.013609104944204420e+00,-8.796417457521339411e-01,-1.179994365805186352e+00,-3.175480760184362650e-02,6.868203293574923762e-01,1.737638749218514356e+00
1.654934063906046582e+00,-9.373361048360863146e-01,4.340764080969735650e-01,-1.141901642314008702e+00,3.921542358752786450e-01,-9.344295734615233606e-02,2.053552668615444610e+00,-2.220053154831556519e+00,-4.189489217837886414e+00,-1.646052135001520034e+00,1.088351874686532605e+00,1.045290757214587085e+00,1.734496639363621417e+00,6.509072816317150456e-02,-6.498257108701986917e-01,-4.370207342069170053e+00,-4.649868462164018723e+00,-3.089399055454908893e+00,-2.077564735258421447e-01,-1.789115546198419615e+00
-2.284641029886225194e-01,-6.477076264939006123e+00,1.332291562878530122e+00,3.955142042184614515e-01,3.976105151366436385e-01,1.417656909032894097e+00,2.045786571914871843e-02,9.983218569633860173e-02,-6.662956536964632637e-01,7.735435765482212567e-02,-1.464299090390819291e+00,1.065963828321783158e+00,1.509870965174973323e+00,-1.078486833792715149e+00,1.018978755388152191e+00,-8.266363305834900643e-01,-2.909457845846355806e+00,-1.269232885487953988e+00,-8.695832012473443395e-01,-4.109644949658642687e+00
-4.815982813786750527e-01,4.317880810985428752e+00,1.966091128496551960e-02,-1.285330614241624758e+00,1.689528051596201896e-01,4.871882320829456492e-01,5.750886839011091212e-01,4.392726271862087972e-01,-6.934122888860955847e+00,3.517182405791111410e+00,-5.420069269063709783e-01,-1.336427382554736365e+00,1.979680712158377043e+00,-1.545095935239647389e+00,-1.178133878035343418e+00,-1.688396927936242076e-01,-4.710001471423275632e+00,-6.107354475617927658e-01,1.167963479534173121e+00,-3.985219234988445436e+00
1.488372288018974920e+00,-7.394486326399729581e-02,1.203117166178641284e+00,-2.784397189965359676e-01,-6.000267855803862460e-01,1.074792272721321273e+00,7.473883386807654849e-01,8.050365939716260799e-01,-2.583632645022276186e+00,-5.487292010161397560e-01,1.157521413371154440e+00,1.226365996311624906e+00,-1.345489582095190650e-01,1.105082151090508003e+00,-5.976550944224116035e-01,-3.705490172010631245e+00,-9.452980579529544070e-01,2.467872265838122470e-01,3.336922149203261356e-02,5.727478017437253044e-01
1.261147911518942122e+00,2.302713533549659797e+00,-4.745727424727586713e-02,1.530894065696601469e+00,2.022727469021994740e+00,-2.409000549713747885e-01,2.050582143895100629e+00,7.026202296665460256e-01,1.474887544332796452e+00,2.086487229751092354e+00,1.019862264799833440e+00,-3.219192501692345609e-01,-8.617789355111441507e-01,1.487899763207469084e+00,1.395145731774739772e+00,2.888633093637777538e+00,-2.012788016108164602e-01,3.880839010112212550e-01,-6.370303735939187861e-01,1.488583354829526861e+00
-1.669936360384564056e-01,3.715081729354599460e+00,-4.467805008085752871e-01,-3.445002047029933401e+00,6.702045775338379974e-01,-3.306860851108419652e+00,4.519907820602270254e-01,6.203556191605781311e-01,-1.503060964003415600e+00,7.244528688892832857e-01,-3.668130177238185241e-02,1.802966010941729147e+00,-2.793767705230455478e-01,1.318742834757045679e-01,-3.377504573282486544e-01,-7.570199843286090635e-01,-1.160200144992884042e+00,-2.428186475831156654e-02,1.890638450387685854e+00,2.618265377342090083e+00
-6.923272572407995762e-01,-3.006174630775939161e+00,1.548992610720356211e+00,-3.821244018447092827e+00,-2.643997823593275398e-01,-1.390642572988666670e+00,-8.877359624750001954e-01,-4.383738595226936430e-01,-9.200402433580284756e-01,-8.874873504601146212e-01,-7.649083412838117990e-01,9.141581530979222547e-01,-1.671254799963162174e-03,-4.683458608558790925e-01,-1.392307170086152235e+00,-1.627194597128220899e+00,9.420236290910812826e-01,-2.550724753976998826e+00,8.348216911011298036e-01,6.565757658459135948e-01
1.835472575392611480e-02,4.540672072583221919e+00,-7.221994560397518303e-02,1.345364092585783933e+00,-3.187826413930958669e-01,5.552891312780715571e-01,1.160285877791538356e+00,6.123587154935931920e-02,-4.736440867734496685e+00,2.027296309228190818e+00,1.443520276719134188e+00,-1.333355612375082488e+00,1.172373023116990876e+00,-1.247737287015881380e+00,5.977465336194126566e-01,-4.818297190076407110e-01,-4.067899705691864654e+00,4.477157189872902343e-01,-1.026162941415464269e+00,-1.829464193224760615e+00
-6.998396296603432987e-01,-1.764969335487331481e+00,-1.067608508777774246e+00,6.914318144801064880e-01,2.599669776234163621e+00,-1.159534577604565797e+00,-1.462213799151099725e+00,6.617179488232588502e-01,8.601022260973547606e-01,-1.385994954138394020e+00,3.342940867031443664e-01,1.989416408407432169e+00,-6.806882847473735287e-01,7.948074504134515772e-01,-1.888432426512262063e-01,-1.839837796826305216e-01,1.715995158015251931e+00,-1.415753561094306168e-01,4.851386359499085810e-01,2.050987542029451660e+00
5.814940555939951405e-01,-1.002831714263020979e+00,6.640039007701579177e-01,-1.026598561077096461e+00,1.440588416050521570e+00,2.967607928748667301e-01,1.982720403452407909e-01,3.502464483233542342e-02,-3.889267993239052146e+00,-1.615308136968580444e+00,-1.185772779665118098e-01,7.272499490947545442e-02,2.214561425535333861e+00,-1.271392561932350285e+00,-1.145086587995380434e+00,-2.751543494579021587e+00,-3.759570635739866606e+00,-1.792203856421445973e+00,9.139603372561946326e-01,-1.185988569871576193e+00
-7.517817437790732527e-01,3.645478295762799803e+00,-2.098811787401177187e-01,-1.323618526356051817e+00,1.108929174067719847e+00,-3.907814731593904911e-01,1.186361602120094422e-01,7.818567852489123338e-01,-9.149816887843350566e-01,5.638442331077625491e-01,4.352722767624584432e-01,-1.696933181991007178e-01,7.953193236363615970e-01,1.354362312544775904e+00,-7.723387603039553184e-01,2.581360323997262674e-01,-7.660258006507026929e-01,1.157638743302825679e-01,9.604385617478939929e-01,9.272174422517480696e-01
-1.728405955928454807e+00,7.175008923153777252e-01,2.154824185735613185e-01,1.326955234105140047e+00,-6.302186446671503850e-01,-1.159310851664295372e+00,7.792065370937795166e-02,-6.050766974255641362e-01,-2.740430363377773126e+00,-6.381055137650247788e-01,-8.366504415616149437e-01,-2.165104654246782889e+00,7.667201325639227960e-01,-5.221998157300548893e-02,-1.387601616215111244e+00,-2.211249213078287035e+00,-6.403190195798941220e-01,-1.321287362041712043e+00,-6.531662496693358966e-01,-1.385341386422214827e+00
-7.945866042309015498e-01,-4.107477071399640245e+00,1.765208378048923610e-01,-1.162844890299084222e+00,2.211490287066581129e+00,-8.950388681759415821e-01,3.768722777321711903e-01,-1.378139307801186542e+00,3.676986522743512342e+00,-3.626702934531551570e-01,-7.853032357021031418e-01,3.940311811688836374e-01,-1.150732659040117234e+00,1.036150607358356235e-01,1.033175060666855050e+00,2.627769321212581666e+00,2.766157322446534117e+00,-3.403047701148604887e-01,-1.577105368676743558e+00,1.699022505944607131e+00
1.345494172839182045e+00,-5.454250143574630449e-01,4.680406677559052486e-01,-2.771252160681789256e+00,2.124669196860880849e+00,-7.545221376832473847e-01,7.441536167062453577e-01,-1.306464955595875166e-01,-4.447122489067363738e+00,9.479196912689424881e-01,-1.005290286176535375e+00,1.082038154445033262e+00,2.907386214082566589e+00,1.803605557179004393e-01,8.917900338752386968e-01,-1.849692214578685601e+00,-5.086490362000301246e+00,-1.548321423936622754e+00,6.031765499841884592e-01,-3.006800718836355024e+00
1.309285364641437077e+00,-4.896426100172865503e+00,1.255191340658976973e+00,-1.256005930917263536e+00,1.644215571943058105e-02,-1.319841628244890597e+00,3.781207825114782373e-01,-1.966282617831414115e+00,3.513510254889612439e-01,-3.217488486273576864e+00,-1.223003809908737444e-01,4.599526373044274252e-01,-1.236018652033005427e+00,8.694222989038632443e-01,-1.157384282047636992e+00,-1.384348425377072145e+00,2.436794509195513214e+00,9.815162232061451775e-01,-6.341406611933960713e-01,1.694137489100453253e+00
5.337434123706654709e-01,-3.617066620377388464e+00,3.572186379851412519e-01,-2.414439162859542520e+00,1.002779723566368464e+00,-1.340550762546886432e+00,-7.043168595005601107e-01,-3.958555418816085969e-01,1.833801669340103135e+00,-3.133751426659990180e+00,-6.472024941521968833e-01,2.832278454548846636e-01,-2.497760485646501660e+00,1.928565006503197399e+00,-1.566900374022756504e+00,-2.198101903690070635e+00,3.832165248994868545e+00,1.368703455066729857e+00,-4.733216029895873089e-01,4.587012439452458956e+00
3.036479008654989764e-01,1.477441571050103208e-01,3.995136287281009224e-01,1.440494774213997076e+00,1.130239592307894725e+00,8.669392510624793768e-01,5.141485798844341870e-01,6.993185703874108539e-01,1.056831623821805399e+00,-4.607417008634091538e-01,-9.904949387792333360e-02,7.732771556804161062e-01,-9.992616100471347629e-01,4.090329331445336503e-01,-6.394592323706054238e-01,-6.462603794477062014e-01,6.589758966605685497e-02,-1.708890691506226855e-01,-4.804530943337529947e-01,2.218066525421540092e-01
-5.489043366460180096e-01,-1.622068168129260080e-01,-2.146243869787695380e-01,-1.933166656097175806e-01,1.917225250555016025e+00,-7.800101948262325169e-02,-5.862325311584071219e-01,6.217979510502338325e-01,-5.080890634252688276e-01,-3.109952971835467039e+00,1.907965150292259215e+00,1.551852972553646959e+00,4.738336029243947478e-01,4.427141460403332535e-02,-5.741175182056637016e-01,-2.326982980640240672e+00,3.009077460176896868e-02,-5.608409182308868313e-02,2.301690957415391536e-01,-6.415813239550377522e-01
-2.308508625981745332e+00,1.660458496787091454e+00,-9.346691269416358416e-01,-7.793960094851049014e-01,1.136502537756681086e+00,-2.098506472425263780e+00,1.509693739620667996e+00,1.872154300769830748e-02,-1.864708516825538620e+00,-7.917600089557065290e-01,6.952247185530939788e-01,1.796648162501108259e-01,5.259764534101833977e-01,-8.182390222407763813e-01,-2.185096658510082140e-02,-2.348636167088983484e+00,-2.742687480334180972e+00,3.552750351357246705e-01,-7.776546534649595444e-01,2.103894673669528537e+00
5.645157927677110221e-01,-1.520476563632372269e+00,-1.734379121525762901e+00,4.523886232811695329e+00,-4.953453142824006949e-01,-1.069458032104571854e-01,6.421133652673788328e-01,-3.633022920791003640e-01,7.342449778520740988e-01,2.520846708552717530e-01,-2.274509618986960469e+00,-5.980014033583158639e-01,1.430946165958338678e+00,-2.469151038191462533e+00,1.722014057489876571e+00,1.526967537468415292e+00,-2.854005368453355285e+00,2.120146453579571932e-01,-1.277797308942592469e+00,-1.442353647237066161e+00
-1.269296227284633760e+00,-1.195623984745383783e+00,-1.930439168071398925e-01,-5.282862213415469022e-01,-4.188848940155823208e-01,-1.755352670675517146e+00,3.993167301927753043e-01,-1.319506511187690245e+00,-3.571354657471000338e-01,-1.184934267350825410e+00,5.662722972577056701e-01,4.806354033748834742e-01,2.951691779761574930e-01,1.289286385195613116e+00,-1.696960864697950877e-01,-5.272908179037244514e-01,-1.682048673319499477e-01,-1.442081908105080856e+00,-2.906263349695452081e-01,2.409897762555703871e-01
1.680498430343590588e+00,-4.807506042526135559e+00,-1.387401819805410552e-01,-6.413781078993369134e-01,3.296547238147425896e-01,-1.600746754408285677e-01,1.411594733208048513e+00,4.032104726179752130e-01,-4.549582058210889457e+00,-2.847581086714193077e+00,-7.609392771747786055e-01,3.953966852668590048e-01,3.083208981844474117e+00,-1.425326177248148030e+00,-6.047948043567065168e-01,-5.286429168916421339e+00,-5.801455941899604341e+00,-1.655587481080693646e-01,-1.392282848204915657e+00,-4.496735347312730724e+00
-1.627459435481661387e+00,4.200990413272865931e-01,-8.876410892095296656e-01,5.768561387055263223e-01,-6.086058869169950203e-01,1.395310410627517532e-02,1.944961700102894320e-01,-1.095898841225764475e-01,4.284645906953519656e+00,1.029415985742103690e+00,-1.524250057311964390e+00,1.054016163125648831e+00,-1.123754244973222516e+00,9.739906093627198613e-02,1.152587316406538248e-01,2.484728958029160495e+00,3.292935384606724192e+00,1.326063107034805011e-01,9.045348742006004139e-01,2.336037762723584876e+00
-1.822337539870211964e+00,-2.110644945260515826e-01,1.731421473289891932e-01,-3.511746385726105757e+00,1.481713432710251688e+00,-1.284155752007205331e+00,6.462409526935910531e-01,2.131926130288952781e-01,5.748314243644883081e-01,9.050671829944969549e-01,6.432175811010673039e-01,2.806801628982510607e-02,8.748388913406037748e-01,-9.068899671580339383e-01,2.603798933898535672e-01,1.927207425750342207e+00,-9.503233693032688834e-01,-2.717103001743412349e+00,2.981879513458566278e-01,-1.012518700153526297e-01
4.360825954754841138e-01,1.428521330363311082e+00,-9.475080735501311135e-01,6.299145639708495503e-01,1.838430192482691239e-01,-9.585960953509605753e-01,-4.791200330240306254e-02,8.326975743506647154e-01,1.212696501074297162e+00,1.323669986191169601e+00,-2.373416162136227747e+00,-6.242022678521436108e-01,-1.025598866824238176e+00,-8.620760147317894084e-01,-5.157700700671502547e-01,1.872382626300868047e+00,1.564820192283166600e+00,5.166605161712839456e-01,1.014396230853478187e+00,2.343908375216912088e+00
7.350327979741490270e-02,8.817418764019043564e+00,-6.960048142837486074e-01,1.905546176572676387e-01,1.439958303636217130e+00,-4.208394102622610711e-01,1.114031872080752272e+00,1.953399133803917831e+00,-4.422226263491856990e+00,4.275932942536647019e+00,-3.805173879221174782e-01,-6.724670255466542734e-01,6.532539830009220783e-01,-9.356310289136410274e-01,-1.079517378370199232e+00,1.931652080309254504e+00,-2.448269586681408150e+00,1.288274106524676110e+00,2.371423514752745820e+00,-9.506874136740433023e-01
1.458651099761574477e+00,-2.191314538274729440e+00,-3.068393200141680821e-01,-1.597546000414502121e+00,-4.238081830480159851e-01,-4.771155230862099694e-01,9.203403160905506697e-01,-1.034398750968525071e+00,-1.944592611280262062e+00,-1.565567785720329841e+00,-9.976180188910915847e-01,-1.328520361891460944e-01,1.563504307365434443e+00,-7.427154714247665712e-01,-2.450895142073554467e-01,-2.570190935388221298e+00,-3.393522807682948894e+00,-9.848407394730203102e-01,-1.249184835014699235e+00,-3.581882704727906486e+00
8.046970819852530266e-01,-2.111357588089513015e+00,1.419943359450157816e+00,9.242163401866397843e-01,2.583138323945943227e-01,8.711046271958305942e-01,-1.291175730056996596e+00,-2.542069571030642905e+00,-2.132381383146630949e+00,-1.432445173050794329e+00,-9.070678113227496064e-01,8.142841474884969510e-02,1.596943703586283014e+00,-2.473299304876820925e-01,-2.049141336295926319e+00,-2.648362862734299661e+00,-8.009805666867423346e-01,-1.051661063995390055e+00,-6.144020648390871031e-01,-3.472870155000817860e+00
-1.307883461890565258e+00,-5.895407284110664392e+00,1.096094681876489840e+00,3.054956735119930267e-01,-3.926485070119308252e-01,3.979710650841137287e-01,-3.568231067693146130e-01,-5.736774991452542327e-01,4.198069537345118785e-01,-2.238145576762271993e+00,-2.238210776200968699e-01,1.291961507619190819e+00,-3.192899905368167812e-01,9.595151715736840448e-01,-3.408228463496079108e-01,-8.794365724195762901e-02,1.117602480615320415e+00,-3.082488882078380232e-01,-1.496960438388347248e+00,1.131415783019636551e-01
-7.752722590489025123e-01,3.732404275151363637e-01,-1.690356198314933112e+00,2.697641341644503754e+00,-1.985425578073501285e+00,-4.471695777498134183e-01,-2.719044410466673889e-01,7.361006371758004319e-01,-1.129716559369259743e+00,-1.372155362499425379e-01,-1.135491748892081043e+00,-1.146812997157229175e+00,1.658295521543065476e+00,-4.140406382902558358e-01,4.867938039600194222e-01,-2.431569744026081725e+00,-2.662173860434098760e+00,3.993249937364785618e-01,-3.368156945488953724e-01,-6.653164497495670515e-01
1.904429436205284265e+00,-6.957558277926640500e+00,1.568680358131501418e+00,-1.210914083153441734e+00,6.358308375672246104e-02,1.037910289329808444e+00,2.063512347910198219e+00,-9.108210945249903823e-01,-3.463875995779778449e+00,-9.081554973277070619e-01,-1.149722675649966996e+00,8.178681532495972739e-01,2.006277436750837140e+00,-1.313473719620507074e+00,5.070201198482046090e-01,-2.043948862074953965e+00,-4.982603223069520304e+00,-2.906500054874483929e+00,5.607580453882798910e-01,-4.107826235985936769e+00
-1.274455257337244518e+00,5.209671398167864398e-01,-1.793547534919592179e+00,-3.418596384729323034e+00,-1.496573932750382696e-01,-2.554465234102906379e+00,-7.363324059227784879e-01,1.664651100818931972e+00,-2.873062095274865335e-01,-2.013123155454405566e+00,1.206598099838421811e+00,1.652075564321915824e+00,1.085180990248025168e+00,3.294463431529915942e-01,1.560861255286436267e+00,-1.800903733354057401e+00,-2.927586574156427535e+00,-3.453793291199142024e-01,-1.071806518131199981e+00,1.049795419494174098e+00
-2.616504765719572245e-01,4.576866058482234045e+00,4.001875815485674004e-02,-1.040723986029774339e+00,8.236809080023704821e-01,1.352779482906367181e-01,1.422442404774376390e-01,1.474713533349800043e+00,2.200201510926844239e+00,4.079309156315112261e+00,-2.782706983923103339e-01,-3.355832954708990457e-01,-2.167423028395601969e-01,-7.502941232660830240e-01,5.101851104774132173e-01,6.072157637495307902e+00,3.067107714854484524e-01,-1.327416497659583472e+00,1.512740306068313556e+00,4.439374431143472410e-01
6.730453458618557150e-01,-3.975985464060140195e+00,-5.259971244762671194e-01,1.806972150021051382e+00,6.451783799936064989e-01,7.237506735343457454e-01,1.276918841861586662e+00,-1.357081503461079919e+00,2.701067840312981971e+00,-1.233112311494395374e+00,5.077914196864561358e-01,1.532684233766686832e+00,-6.329217739052864777e-01,-5.433772304257385999e-01,1.904555330090577980e+00,2.840222283923185209e+00,-2.926152791398901054e-01,9.649543933095712234e-01,2.050149650596217246e-02,6.929766460537981065e-02
2.449868344374281637e-01,6.942503847432996977e+00,6.733145693476799698e-01,-4.024456166114021016e-02,1.317599198840561092e+00,1.458192800584341864e+00,1.382133669093252859e+00,-5.913315991363495838e-01,7.648750888323101460e-01,1.022177655893648307e+01,-4.358310581419567731e-01,-1.144184670015014449e+00,-4.326589865890190789e-01,3.571453436795021252e-01,2.705376120830811804e+00,1.031633236250518593e+01,-2.051325645939345854e+00,-3.110285245659278885e-01,1.894511166783675371e+00,-8.951568270366419000e-01
6.448089482186688537e-01,6.637233929235536678e+00,-2.402635999984982507e-01,-2.515287787807852560e+00,7.507740241270585146e-01,-1.506029039209737963e+00,-7.900546334601832310e-01,3.489696778474593031e-01,-2.224938704478180540e+00,2.794677664010037699e+00,1.169890090382607273e+00,-1.619051242685251468e+00,2.621454260018110105e+00,-9.193352041296424249e-01,-5.281143212418810684e-01,8.633610215042708536e-01,-2.042842037923856324e+00,-1.761607357638285132e+00,4.514152269690503427e-01,-3.149093735209518297e-01
-2.718923327685774383e-01,1.138474035876697599e+00,-6.104182843595510333e-01,8.514720369407494105e-02,5.561382084914188173e-01,-6.796633183713168824e-01,1.484564042744704437e+00,-8.331462038894806021e-02,-3.359143266753158663e+00,2.384568525360637459e+00,1.725734573130505989e-01,7.062286223553774223e-01,1.169041439004859351e+00,-1.408346648131042045e+00,1.706997440175343383e+00,1.511046149095197855e+00,-4.722507185182044154e+00,-2.721997567739328217e-01,9.967167590337384642e-01,-4.832271374581011414e-01
7.247059982728133454e-01,-3.522627395540995465e+00,1.693168687181927812e+00,6.405194269158722697e-01,-9.851679756625801865e-01,1.703239510610676133e+00,-1.494076750044332158e+00,-2.578199501904881785e+00,4.705292328520961354e-01,-2.525502046578158133e+00,-1.407960608910653999e+00,5.037707414395201644e-01,-2.201820261249998745e-01,3.174448031931365599e-01,-2.534508937679030627e+00,-1.690591792091480805e+00,2.132442238896135489e+00,2.855334223454106812e-01,2.084294866530377599e-01,-1.649020431326596148e+00
4.291415464195244556e-02,-4.593929211088241260e+00,-6.481694623909129982e-01,1.109132604954735424e+00,-1.748334929286964601e-01,4.503948286036011384e-01,1.425762450267902492e+00,-4.803664007151714488e-01,-3.927189446511787807e+00,-2.166956955317460298e-01,-7.814396368030588347e-01,2.357606504275437054e+00,1.857958326297167506e+00,-9.195393379555450997e-01,1.625903499357600035e+00,-3.031254113832186903e+00,-4.664450626702056901e+00,-1.085287108931570543e+00,6.526626988444655941e-01,-3.063841356242101632e+00
4.186506784152831395e-01,-5.166639221720522812e+00,3.252051630268176785e-01,-1.663198028095438374e-01,-6.774774122913892471e-01,-9.137393681511210008e-01,-5.016461844758502986e-01,1.177769370537329996e+00,-2.058863257868775776e+00,-8.712012879455610648e-01,-1.961906900402074605e+00,2.285020238452716290e-01,2.177240470314326437e+00,-8.529446803003091215e-01,1.314738867541809797e-01,-2.682982800714342808e+00,-1.230616583609061010e+00,-1.706895633489553532e+00,-1.368744625477146926e+00,-1.483423425195947276e+00
9.361417308161114059e-01,2.469739299617305761e+00,-4.290349024875502737e-01,2.640049184220968348e-01,-6.692669834619352498e-01,-5.340895792382481799e-01,1.067485804230092539e+00,2.135236046426706169e-01,9.579922724060677686e-01,7.075742990985489644e-01,-1.037554538544909338e-01,2.533755302780817953e-01,-1.383546896836492790e+00,-1.451373137246405876e-01,1.379953651114963209e-01,8.788576063494707435e-01,8.918665695240218794e-01,-1.823617421936596372e-02,3.828788401284177190e-01,2.396222449882432048e+00
9.511782310158971576e-01,6.785575279561604223e-01,-5.685476691457894693e-01,-1.702233183645080195e-01,6.464317367069914999e-01,-8.339413974460815338e-01,1.956912163413564665e+00,-2.330682303823391338e-02,-3.557671082766176163e+00,-1.739255581686447671e+00,6.578490786420741754e-02,5.567493941123768941e-01,-6.963233319614224870e-01,8.858378013570605836e-01,-1.717422395681411862e+00,-3.729356471026347375e+00,-2.100614383022158194e+00,-1.528200825275185970e+00,8.826968350742330216e-01,1.514441146388916248e+00
3.892491089699618989e-01,-2.980895226102285189e+00,-3.590450415732749367e-01,9.481365054761603517e-01,-1.727265674944353513e-01,1.736015300299870445e-01,-1.953694500248360333e+00,-1.509127594317327459e+00,3.480900631387829680e+00,-4.370432093302792254e+00,9.673949436467846885e-01,1.802082473511739558e+00,-2.688839113514855939e+00,2.282375888696023480e+00,-1.700671567575636534e+00,-9.346390919548530629e-01,5.700909025181993606e+00,2.686631657329150435e-01,-8.863218928715610456e-02,3.124950979447523647e+00
-1.056797984104262539e-01,-2.325746878702890541e+00,-6.701268308608610696e-04,7.031442630997710719e-01,-1.019254761806128950e+00,-8.517643423308062234e-01,1.182572383468937449e+00,1.050443220008697498e+00,2.625802168385678037e-01,-6.998057111688463783e-01,4.011524626054213116e-01,-8.906100640228734600e-01,-4.804065584475549211e-01,4.342630402577064008e-01,4.964052394287322700e-01,-2.112110714760713215e-01,-2.085591324735548424e-01,3.981284700469145954e-01,-5.629362408296305631e-01,1.873788458394142653e+00
7.358453350134759319e-01,2.608950195466954280e+00,4.036437170417547238e-01,-2.097128482307973885e-01,-9.979284141853672629e-01,-4.368104188238664531e-01,-6.930207717774137244e-01,-9.289275077856601337e-01,1.892444484702843877e+00,1.766148603132668082e+00,4.746001884542442872e-01,6.799093758440494240e-01,-6.307074801938168385e-01,7.281227271304555049e-02,-5.614652629814599338e-01,3.549201954151090632e+00,2.678860843373091605e+00,-1.095058753420606434e+00,1.529395563562641280e+00,1.436949684395010252e+00
6.869007097979756837e-02,5.103539946079158618e+00,-7.360410912208084078e-01,3.575882835379129432e+00,-7.562411457807253212e-01,5.143432741431869237e-01,-1.618270976086524149e+00,-8.610655403386612006e-02,7.479942106465420348e-01,5.932705402558127172e-01,1.613304149225082973e-01,-3.029796856782033809e-01,5.787178689080737515e-01,-1.886773249806892316e+00,-1.102719938495043239e+00,1.131672600496836267e+00,2.678623307612079341e+00,5.781415136084032680e-01,1.755705453996703413e+00,-1.757555234766240648e+00
-6.469087175299956805e-01,2.246210116004820012e+00,-9.324930504434736367e-01,1.034157929489274208e+00,-1.333198594292032448e-02,1.380906550075780836e-01,4.942274749399562239e-01,1.394774856001490315e+00,2.068520564495561764e+00,-4.555224906017835140e-01,8.244150353470623971e-01,-8.277071235960933304e-01,-1.977493863640527483e+00,2.114703468332460812e+00,1.012348313614743478e-01,1.393457214534096877e+00,1.865380187058721884e+00,2.105853687596699775e+00,-1.493834998784449863e-01,3.037314980026255107e+00
4.291342339633156255e-01,6.986974315761594667e+00,-2.487393048171731458e+00,2.351094424949469186e+00,1.305727968538315853e+00,2.922274865549803150e-03,-1.467986849070883615e+00,2.233249410235337851e-01,3.371363042139845945e+00,9.294456494237188782e-01,1.089039514663659780e+00,4.491265854435023130e-01,-1.158707519430247634e+00,1.204215669381662801e+00,-1.451542818059714801e-01,2.866319978053813777e+00,3.269233083918999583e+00,2.051758199225574675e+00,3.139579504518096864e-01,1.388876513370725485e+00
-3.618128018944080093e-01,2.361164474446936890e+00,3.533599728086390113e-01,3.001023555704275925e+00,4.272006049402833350e-01,2.129263605386311209e+00,8.257911299388639437e-01,-2.116925774366771762e+00,-2.675588333841033339e+00,-5.988921146661445594e-01,1.228310892178699376e+00,-2.518263211131174795e-01,1.507679112535527999e+00,-1.174791507255061429e+00,-6.830151595644419205e-01,-2.482753543551251774e+00,-2.464624058745196855e+00,-3.343777852342119106e-01,-5.336051492964308807e-01,-4.308629225807327323e+00
3.154611842431916391e-01,4.595580157014578226e-01,-2.312237253865149778e-01,3.135765809502466528e-01,1.152105745424053529e+00,5.393075052268996028e-02,1.048686002562316394e-01,-2.075254700247349815e-01,-7.505791816839070263e-01,9.500695927661988449e-01,-1.962055131858050361e-01,4.973773991364232039e-01,2.670972315650180784e-01,-2.509589602326248170e-01,9.466288445781407823e-01,3.104189010657244729e+00,-1.439077006246547885e+00,4.537820334426606039e-01,1.035343240878560556e+00,-7.866812999004272333e-01
1.620028427050737296e-01,1.486634869087332556e+00,-1.389562417145149942e+00,-5.205389087844893847e-01,1.069188509478171678e+00,-2.162356444586541748e+00,-3.202109639962126275e-01,-6.162984896824976744e-01,1.556404937270278843e+00,4.661126471264808169e-01,7.101105844795190247e-01,-2.173273819843371448e-03,2.751036834748873394e-01,7.175721058261117502e-01,1.429034087142806220e+00,2.395428089530834637e+00,-1.149927767579195681e+00,-1.123097402564704472e+00,-1.102769030317125032e-01,3.937518820348365090e+00
8.136047154335459552e-01,-4.474983468399603481e+00,1.224570437328309946e+00,-4.424372126550002449e+00,-2.431955269346546267e-01,-1.287468956212044491e+00,4.625895463849339362e-01,-8.799014594065358574e-01,5.887174864049284917e-01,2.561524943228426388e+00,3.868156151807563004e-01,-1.557719103556211460e+00,-1.339903853262436884e-01,-5.131353152671130902e-01,1.891300459713785020e+00,2.894454626798435459e+00,1.509613563907045708e-01,5.374671644320399011e-01,-4.173606542197180191e-01,1.146834901656943906e+00
-2.841105326490904817e-02,1.608241028841070008e+00,1.097402225571447287e+00,1.638190365397047543e+00,1.091927806393661715e+00,1.645822892468312704e+00,1.013538746830944470e+00,5.994466436011502974e-01,7.079889609929875816e-01,2.380617706864962546e+00,1.548844282389286953e+00,-9.701821242421430069e-01,5.533935855777589730e-01,-1.449399268071235758e+00,6.352160267651275616e-01,3.158383670649199004e+00,-1.517359185053615889e+00,-1.791971541765951859e+00,1.643497707002075647e-01,-1.601946430636471241e+00
1.092771093798310611e+00,3.011093886919219198e+00,-7.422147677607456862e-01,2.615766036441147246e+00,3.794570050233680991e-01,1.227949773554458890e+00,-3.112955521578989471e-01,-9.889946344004856282e-01,-5.851847788480835089e-01,1.496543013450819082e+00,9.798010296178105705e-02,-1.180428837311174428e+00,-7.284321746168387346e-03,4.366449116218668602e-01,-2.881712136001922664e-01,7.557574427443668474e-01,-2.047374457365358502e-01,-6.550278335835082455e-01,3.737398545660706173e-01,-3.569685193228836262e+00
-2.243601154321432645e-01,-1.075991245805235641e+00,-1.210536824585987326e+00,-8.495357665797120816e-02,-3.613508617677081425e-01,1.112933622899058006e-01,6.171837090868455000e-01,4.020431303184002908e-02,1.467214848003204897e-01,-1.485120053034435283e+00,3.227992860213685922e-01,-7.080154404912251120e-01,1.834329237382520961e-01,-3.775008023419130776e-01,8.423701610162771525e-01,-3.239850757278406324e-01,-8.772645805789043294e-01,1.140961747385930591e+00,-1.059813825694435163e+00,-1.616008019477578883e-01
-1.070053902004888258e+00,-2.015868234149001292e+00,5.221935600430491764e-01,-9.381136240145420135e-01,4.532079746442815860e-01,2.586446580747323032e-01,8.955055492999132449e-02,-5.041845545878869128e-01,-1.807841022135459497e+00,-3.775999234044796093e+00,1.966556048768305587e+00,1.711832294843409930e+00,1.665720908963199021e+00,1.401340846435041643e+00,-1.317710779156958223e+00,-4.457011730989060005e+00,-1.813951111086105739e+00,-1.164063130300466931e+00,-1.269011701340967191e+00,-9.646238509946742923e-01
-1.318664131669200490e-01,-2.351851507619993509e+00,5.272558066003841803e-01,5.983082677651816450e-01,7.876402237318984589e-01,-4.303373336101502522e-01,-8.879169308846449615e-01,-6.789398602628925472e-01,-2.199958843827629629e+00,3.965865565199246934e-01,-1.661749992104935680e+00,-2.678220653827595443e-01,1.362878348949217111e+00,-1.906337992255910940e+00,-3.251887610097343728e-01,-9.902523639079328088e-01,-1.703842685994405137e+00,-3.151902665637583034e+00,2.892080164168626677e-01,-1.726520449080637842e+00
-2.942158527300160475e-01,3.199627332220019049e+00,-1.783269113686427154e+00,1.779462225676772036e+00,-2.443422902041422873e+00,-3.988166295171548525e-01,4.242059274338241259e-01,-2.408980336313767623e+00,1.792311590156042911e+00,-2.189087750541060196e+00,-1.273710152568985343e-01,7.528847697603394673e-01,-2.414946056122849072e+00,9.557727727908665871e-01,2.012765319583957879e-01,3.822659360474320867e-01,2.614041820238980574e+00,1.502408015785922979e+00,-1.555407597158232624e-01,1.482585746465298504e+00
-1.926742763242852652e+00,9.774614133352901302e-01,4.344303971805011377e-01,-3.617370909820949443e+00,-4.286973980239084936e-01,-1.256841955258694021e+00,1.041613450922231454e+00,-2.168204904775089314e+00,-2.094898340960631433e+00,-3.426857737696742401e+00,2.364869703816994129e+00,-2.603307168576445840e-01,-5.885958936006832065e-01,9.819308039218234141e-01,-1.489586210238818653e+00,-3.693648766599917366e+00,2.090426586357109762e-01,-5.328226809662254260e-01,-1.315071965509838403e+00,2.526526637543951459e+00
